department,date,shift,patient_admissions,opd_visits,bed_occupancy_rate,emergency_cases
Emergency,2026-01-01,morning,50,167,81.7,17
Emergency,2026-01-01,evening,42,152,70.9,16
Emergency,2026-01-01,night,30,113,52.4,10
ICU,2026-01-01,morning,28,71,88.7,12
ICU,2026-01-01,evening,25,62,77.9,12
ICU,2026-01-01,night,15,43,58.9,9
Pediatrics,2026-01-01,morning,30,124,71.3,6
Pediatrics,2026-01-01,evening,27,100,62.6,5
Pediatrics,2026-01-01,night,20,79,45.1,3
Cardiology,2026-01-01,morning,25,89,77.2,7
Cardiology,2026-01-01,evening,19,75,68.0,6
Cardiology,2026-01-01,night,13,58,48.8,4
Emergency,2026-01-02,morning,49,178,82.8,17
Emergency,2026-01-02,evening,46,158,74.1,16
Emergency,2026-01-02,night,34,117,56.0,12
ICU,2026-01-02,morning,27,69,93.2,14
ICU,2026-01-02,evening,23,59,81.5,12
ICU,2026-01-02,night,19,46,60.7,8
Pediatrics,2026-01-02,morning,34,119,71.7,7
Pediatrics,2026-01-02,evening,27,108,63.1,6
Pediatrics,2026-01-02,night,22,75,48.7,3
Cardiology,2026-01-02,morning,25,96,79.9,6
Cardiology,2026-01-02,evening,20,81,69.8,6
Cardiology,2026-01-02,night,16,56,52.4,4
Emergency,2026-01-03,morning,53,183,84.8,19
Emergency,2026-01-03,evening,46,162,76.0,17
Emergency,2026-01-03,night,35,114,56.6,13
ICU,2026-01-03,morning,28,68,95.8,13
ICU,2026-01-03,evening,23,68,82.0,11
ICU,2026-01-03,night,17,46,60.3,7
Pediatrics,2026-01-03,morning,34,126,75.8,7
Pediatrics,2026-01-03,evening,27,107,65.4,7
Pediatrics,2026-01-03,night,21,78,49.4,5
Cardiology,2026-01-03,morning,24,95,82.3,7
Cardiology,2026-01-03,evening,22,81,70.1,4
Cardiology,2026-01-03,night,14,59,53.0,3
Emergency,2026-01-04,morning,54,185,86.6,19
Emergency,2026-01-04,evening,44,156,76.8,16
Emergency,2026-01-04,night,36,121,56.3,11
ICU,2026-01-04,morning,30,78,96.5,14
ICU,2026-01-04,evening,23,67,85.7,13
ICU,2026-01-04,night,20,49,62.1,9
Pediatrics,2026-01-04,morning,32,130,76.2,6
Pediatrics,2026-01-04,evening,29,108,68.1,6
Pediatrics,2026-01-04,night,21,79,48.8,3
Cardiology,2026-01-04,morning,22,91,82.4,7
Cardiology,2026-01-04,evening,19,84,72.7,4
Cardiology,2026-01-04,night,14,66,53.0,5
Emergency,2026-01-05,morning,53,183,88.7,19
Emergency,2026-01-05,evening,45,157,78.8,17
Emergency,2026-01-05,night,36,121,56.9,11
ICU,2026-01-05,morning,27,75,97.7,14
ICU,2026-01-05,evening,24,69,83.9,13
ICU,2026-01-05,night,18,46,63.6,8
Pediatrics,2026-01-05,morning,36,128,78.0,6
Pediatrics,2026-01-05,evening,30,116,66.9,5
Pediatrics,2026-01-05,night,22,82,49.8,5
Cardiology,2026-01-05,morning,24,101,82.2,5
Cardiology,2026-01-05,evening,20,86,73.7,4
Cardiology,2026-01-05,night,15,66,53.9,5
Emergency,2026-01-06,morning,51,178,89.4,19
Emergency,2026-01-06,evening,47,159,78.5,17
Emergency,2026-01-06,night,36,119,58.9,12
ICU,2026-01-06,morning,27,73,96.0,14
ICU,2026-01-06,evening,24,66,84.6,13
ICU,2026-01-06,night,20,44,63.1,10
Pediatrics,2026-01-06,morning,34,134,75.4,8
Pediatrics,2026-01-06,evening,28,115,68.3,5
Pediatrics,2026-01-06,night,23,81,49.6,5
Cardiology,2026-01-06,morning,24,93,84.0,7
Cardiology,2026-01-06,evening,22,87,72.9,4
Cardiology,2026-01-06,night,15,60,55.5,3
Emergency,2026-01-07,morning,52,186,89.2,20
Emergency,2026-01-07,evening,46,164,78.4,16
Emergency,2026-01-07,night,34,115,57.3,11
ICU,2026-01-07,morning,26,70,97.4,14
ICU,2026-01-07,evening,23,69,85.7,11
ICU,2026-01-07,night,19,46,63.7,8
Pediatrics,2026-01-07,morning,32,127,75.3,8
Pediatrics,2026-01-07,evening,29,117,66.5,7
Pediatrics,2026-01-07,night,23,80,48.2,5
Cardiology,2026-01-07,morning,24,98,83.1,7
Cardiology,2026-01-07,evening,22,87,71.6,4
Cardiology,2026-01-07,night,18,65,52.2,4
Emergency,2026-01-08,morning,51,183,85.3,18
Emergency,2026-01-08,evening,45,155,76.3,17
Emergency,2026-01-08,night,32,119,55.1,13
ICU,2026-01-08,morning,30,77,95.4,12
ICU,2026-01-08,evening,27,60,83.0,12
ICU,2026-01-08,night,16,44,61.9,9
Pediatrics,2026-01-08,morning,31,122,74.9,8
Pediatrics,2026-01-08,evening,31,115,66.1,7
Pediatrics,2026-01-08,night,22,84,48.8,4
Cardiology,2026-01-08,morning,26,93,82.1,6
Cardiology,2026-01-08,evening,23,81,72.7,4
Cardiology,2026-01-08,night,16,57,52.6,4
Emergency,2026-01-09,morning,49,181,84.2,17
Emergency,2026-01-09,evening,44,160,74.2,15
Emergency,2026-01-09,night,32,119,55.7,11
ICU,2026-01-09,morning,27,69,94.7,12
ICU,2026-01-09,evening,22,64,83.3,10
ICU,2026-01-09,night,17,44,61.3,9
Pediatrics,2026-01-09,morning,34,124,73.4,7
Pediatrics,2026-01-09,evening,29,105,65.4,5
Pediatrics,2026-01-09,night,21,83,47.7,5
Cardiology,2026-01-09,morning,21,94,79.3,7
Cardiology,2026-01-09,evening,20,85,71.6,4
Cardiology,2026-01-09,night,14,56,50.6,4
Emergency,2026-01-10,morning,48,168,82.2,17
Emergency,2026-01-10,evening,45,156,73.9,16
Emergency,2026-01-10,night,33,108,54.0,12
ICU,2026-01-10,morning,29,72,91.6,12
ICU,2026-01-10,evening,24,57,81.0,10
ICU,2026-01-10,night,18,42,58.5,7
Pediatrics,2026-01-10,morning,30,120,70.6,6
Pediatrics,2026-01-10,evening,26,105,64.3,6
Pediatrics,2026-01-10,night,19,78,48.2,4
Cardiology,2026-01-10,morning,23,95,76.8,7
Cardiology,2026-01-10,evening,19,76,69.9,5
Cardiology,2026-01-10,night,13,56,49.7,3
Emergency,2026-01-11,morning,49,170,81.5,17
Emergency,2026-01-11,evening,44,150,71.6,15
Emergency,2026-01-11,night,32,103,54.0,10
ICU,2026-01-11,morning,24,63,89.3,13
ICU,2026-01-11,evening,22,63,77.9,11
ICU,2026-01-11,night,15,49,58.6,8
Pediatrics,2026-01-11,morning,32,121,70.9,6
Pediatrics,2026-01-11,evening,29,102,62.1,5
Pediatrics,2026-01-11,night,20,74,46.4,5
Cardiology,2026-01-11,morning,21,89,77.3,4
Cardiology,2026-01-11,evening,18,72,65.4,6
Cardiology,2026-01-11,night,14,58,48.3,2
Emergency,2026-01-12,morning,48,166,79.2,17
Emergency,2026-01-12,evening,44,141,69.8,14
Emergency,2026-01-12,night,32,103,50.1,11
ICU,2026-01-12,morning,23,66,86.0,12
ICU,2026-01-12,evening,24,59,75.3,10
ICU,2026-01-12,night,15,43,55.2,8
Pediatrics,2026-01-12,morning,31,111,68.1,7
Pediatrics,2026-01-12,evening,26,99,60.0,4
Pediatrics,2026-01-12,night,17,73,45.3,3
Cardiology,2026-01-12,morning,23,90,72.5,4
Cardiology,2026-01-12,evening,19,75,65.4,4
Cardiology,2026-01-12,night,16,59,49.1,2
Emergency,2026-01-13,morning,48,160,77.8,17
Emergency,2026-01-13,evening,42,137,67.1,15
Emergency,2026-01-13,night,29,98,51.0,11
ICU,2026-01-13,morning,27,70,84.3,13
ICU,2026-01-13,evening,24,54,75.6,11
ICU,2026-01-13,night,18,37,55.9,8
Pediatrics,2026-01-13,morning,29,108,65.3,5
Pediatrics,2026-01-13,evening,26,95,58.3,5
Pediatrics,2026-01-13,night,21,68,45,5
Cardiology,2026-01-13,morning,23,89,71.6,5
Cardiology,2026-01-13,evening,17,76,64.6,5
Cardiology,2026-01-13,night,16,57,45.8,4
Emergency,2026-01-14,morning,44,159,75.2,15
Emergency,2026-01-14,evening,40,136,67.5,13
Emergency,2026-01-14,night,29,107,50.8,10
ICU,2026-01-14,morning,25,60,83.2,13
ICU,2026-01-14,evening,21,52,73.7,11
ICU,2026-01-14,night,15,38,54.5,7
Pediatrics,2026-01-14,morning,29,116,66.5,6
Pediatrics,2026-01-14,evening,28,101,56.7,5
Pediatrics,2026-01-14,night,17,74,45,5
Cardiology,2026-01-14,morning,19,81,71.8,5
Cardiology,2026-01-14,evening,20,72,62.6,4
Cardiology,2026-01-14,night,11,57,45.4,2